"seed","converged","logLik","grad_norm","hessian_ok","beta0","beta1","beta2","beta3","beta4","beta5","beta6","beta7","beta8","gamma0","gamma1","gamma2","gamma3","gamma4","gamma5","gamma6","gamma7","gamma8"
1,TRUE,-891.714132688931,0.010127199755061,TRUE,1.45231334261208,0.328630415848597,0.10584150856383,0.393434403628452,0.215238663008788,0.351677443113785,0.320475073498316,0.349167120709427,0.335259835768744,-0.487526379236281,-0.0868036677110607,0.295286965128173,0.147488242497902,0.287144242349685,0.130773605535782,0.0591939349465539,0.167916391577368,0.456539020788486
2,TRUE,-891.714132713433,0.0126321004615597,TRUE,1.45230906159198,0.32864126633472,0.105838761936346,0.39341572040119,0.215254611357529,0.351683627368725,0.320462801990173,0.349182644405466,0.335242190518733,-0.487531606118861,-0.0867568680822163,0.295327770204856,0.147434503787848,0.287273408624459,0.130732746918375,0.0591985720820437,0.167994071932213,0.456429999955284
3,TRUE,-891.714133343442,0.0164040790305587,TRUE,1.45234084948866,0.328640728645378,0.105821661845028,0.393421192712348,0.215260052880221,0.351653633027874,0.320502698544505,0.349162007463223,0.335242705722631,-0.48735903948425,-0.0868136559897356,0.295210340138449,0.147506086576777,0.287137777084955,0.130778867881291,0.059253679181934,0.167851930698133,0.456457872566345
4,TRUE,-891.714134176252,0.0408251957578851,TRUE,1.45234422473318,0.328606101526898,0.105810474153339,0.393389050585459,0.215301070035119,0.351680491972028,0.320511047320497,0.34921152778258,0.335242088921392,-0.487376564550388,-0.0868098549919375,0.295217725314288,0.147413471856918,0.287203984524646,0.130728359231816,0.0591766658208213,0.167955304862306,0.456416633036887
5,TRUE,-891.714131862965,0.0118352140191091,TRUE,1.45234783813258,0.328641426163737,0.105852305460384,0.393401978603235,0.21527639267883,0.351663392059503,0.32046021152937,0.349157887586581,0.33523719730015,-0.487413154494173,-0.0868514249618698,0.295322902668,0.147366693475287,0.287286774518153,0.130615882110995,0.0592425769811626,0.167920999334138,0.456495512316488
6,TRUE,-891.71413208626,0.0096502507851717,TRUE,1.45232173863414,0.328628350596488,0.105833840093857,0.39342589444763,0.21528272765238,0.351643985186878,0.320493298401406,0.349162008125568,0.335220447757664,-0.487441881222233,-0.0868666935052277,0.295347221437326,0.147386209132822,0.287358150250748,0.130562996599035,0.0592840285906964,0.167962126794285,0.456439148532985
7,TRUE,-891.714132839397,0.0166497767824289,TRUE,1.4523260291439,0.328613888119143,0.105830336904603,0.393406846049455,0.215254583332659,0.351635917373887,0.320466498988974,0.349179321257076,0.335233571753842,-0.487416634913843,-0.0868529873551229,0.295320725108427,0.147299037439996,0.287290174522853,0.130521186845044,0.0592511307242103,0.168067102617921,0.45641189175038
8,TRUE,-891.714132467517,0.0115199840042676,TRUE,1.45233087694056,0.328632210525144,0.105833001083157,0.393422996620383,0.215252278872063,0.351671173292209,0.320469905326418,0.349168727026678,0.335247728267401,-0.487380899166296,-0.0869279783772165,0.295375176999682,0.14728633820646,0.287316356956705,0.130603402299455,0.0591896217515126,0.167940468950628,0.456427031308993
9,TRUE,-891.714133628463,0.0170595291320254,TRUE,1.45234359114276,0.328625622244821,0.105846543279948,0.393417508840297,0.215224615146701,0.35168211218712,0.320459424722096,0.349182806040424,0.335265201645929,-0.487415402747887,-0.0868240032866343,0.295298973424552,0.147391885842645,0.287059840888869,0.130814153590793,0.0591379707960654,0.167946389722876,0.456503114927557
10,TRUE,-891.71413261739,0.0101429050506413,TRUE,1.45232649433687,0.328616915787633,0.105843024416636,0.393435394244274,0.215239169660929,0.351678373716638,0.320469443761269,0.349156556703183,0.335263078312264,-0.487487308670519,-0.0868856265779701,0.295292166455108,0.147483570926079,0.287176625283906,0.130740978948922,0.0592107440519918,0.167845016082979,0.456585248731695
11,TRUE,-891.71413407692,0.0299772710185898,TRUE,1.45233559745802,0.328629188452768,0.105819373324831,0.393438413639817,0.215263767054005,0.351663168519642,0.320532854096812,0.349171848064083,0.335276560730942,-0.487479570643879,-0.0868809500215536,0.295217850905245,0.147577554694593,0.287157719014251,0.130693683221583,0.0593117161950941,0.16782560419435,0.456592882503846
12,TRUE,-891.714131687767,0.00463855722215277,TRUE,1.45232183618096,0.328625862851225,0.105842924248855,0.393425334394467,0.215252387039685,0.35165857086357,0.320474063904048,0.349163884306102,0.335249707476997,-0.487459704762541,-0.0868572682733325,0.295327878322056,0.147429634587496,0.287258921546621,0.130625177654254,0.0592673197556363,0.167928250712436,0.456496897652319
13,TRUE,-891.714132426208,0.0107801518391886,TRUE,1.45231814684093,0.328656287293381,0.105833613056647,0.393434246360857,0.215253948034067,0.351665818072171,0.32048525212802,0.349164737076688,0.335236317517488,-0.487530222789542,-0.0867657730373776,0.295257802791979,0.14745876651307,0.287205037177001,0.13070995099547,0.0592177183771278,0.167990116816113,0.456477545244525
14,TRUE,-891.714131924912,0.00627702812533533,TRUE,1.45232436905351,0.328631229852593,0.105829713303778,0.393425937334551,0.21524908487431,0.351664775885537,0.320472801327591,0.349163973224367,0.33524653150273,-0.487456811824628,-0.0867974638182419,0.295247747984415,0.147415596576556,0.287229507839434,0.130643162783872,0.0592080440560118,0.167955971886329,0.456494758216786
15,TRUE,-891.714133041014,0.0131888686223111,TRUE,1.45233413793805,0.328636816625397,0.105820640954438,0.393428263575444,0.215247408808019,0.351683076351074,0.320477732777765,0.349148326800756,0.3352306002678,-0.487365575667491,-0.0867361813719046,0.295240075095288,0.147395368664203,0.287116154879343,0.130744452957961,0.0592229691638909,0.167883988422394,0.456466785178094
16,TRUE,-891.714132200121,0.0167783240362766,TRUE,1.45232516388016,0.328609000156484,0.10585812880284,0.393415976500789,0.215253158869407,0.351656067372066,0.320440440029532,0.349151664614829,0.335241739772495,-0.487418508413587,-0.0869146272125461,0.295341619297034,0.147394497367746,0.287207377059206,0.130648645303417,0.0592268843386768,0.167904313787148,0.456532449927803
17,TRUE,-891.714132562275,0.0239852471636252,TRUE,1.45234199935815,0.32865891198412,0.105878485568711,0.393416201741183,0.215290502701488,0.351633332973976,0.320476161426933,0.349188120739608,0.335241932531605,-0.487462615374877,-0.0868833102536135,0.295348723645467,0.147393885397844,0.287306509777338,0.130567187298851,0.0592654256144516,0.167959942045731,0.456415768843036
18,TRUE,-891.714132241128,0.0100802630994362,TRUE,1.45233209952592,0.32864203093906,0.105829935369981,0.393399592527972,0.215275389210057,0.351659314212079,0.320480152099647,0.349170415907986,0.33522819737793,-0.487393727852821,-0.0868034102318027,0.295250887472646,0.147418175844084,0.287240782345671,0.130677572271779,0.0592996319208902,0.167897649200314,0.45641835286493
19,TRUE,-891.714132596187,0.025280130322153,TRUE,1.45233596777637,0.328664990667166,0.105835806447709,0.393434662379294,0.215253908542407,0.351669158956695,0.320501995792958,0.349193711595553,0.335255250127946,-0.487447464679126,-0.0868005177588334,0.295246711412305,0.147393729324022,0.287286203151362,0.130595380723538,0.0592937694538482,0.167884236497121,0.456451109274485
20,TRUE,-891.714131933967,0.00815571709107722,TRUE,1.45232797177216,0.328617028590519,0.105837692693878,0.39340781302809,0.215274809855801,0.351646753707734,0.320474293816191,0.349160275870112,0.33523417403478,-0.487417192535508,-0.0868670049443106,0.295305841973571,0.147333207892632,0.287339332111367,0.130570974610225,0.0592667312722228,0.167934649869523,0.456501983897846
21,TRUE,-891.714132950266,0.0119260394507813,TRUE,1.45234719554579,0.328614466392218,0.105855098840826,0.393422143873454,0.215260240308224,0.351657822260175,0.320462792904578,0.34916297352833,0.335260092303278,-0.487402107523802,-0.0869243665680701,0.295369404612419,0.147412593789334,0.287106296860562,0.130753837658199,0.0591959153025266,0.167902020209723,0.456572571887664
22,TRUE,-891.714133889509,0.0416627568282363,TRUE,1.45235049468079,0.32867110887633,0.105896349410882,0.393446587178281,0.2152647531197,0.351619247006557,0.320433915258214,0.34915940534979,0.335251776346284,-0.487369552973864,-0.0869199828449281,0.295350698300179,0.147398813358005,0.287288426376614,0.130592768465095,0.0592252296533911,0.167951667567066,0.456493922916265
23,TRUE,-891.714131947103,0.0161285286099277,TRUE,1.45232769142102,0.328647630578401,0.10584670103965,0.393422836307841,0.215264623009796,0.351670027373852,0.320494218655697,0.349183612132137,0.335245333890759,-0.487441924150733,-0.0868297832408824,0.295310056438726,0.147362700447767,0.287263306009298,0.130628169937546,0.0592455677199242,0.167935196764274,0.456499922026582
24,TRUE,-891.714132026934,0.00811478400036011,TRUE,1.45233134364508,0.328639330926447,0.105842541353761,0.393413621175227,0.215255230179583,0.351646386272363,0.32048044172532,0.349172903433509,0.335241176530692,-0.487414053740419,-0.086790935855545,0.295298802748238,0.147387616700178,0.287195965107706,0.130635685513585,0.0592803010261021,0.167954869341445,0.456435500943387
25,TRUE,-891.714132304978,0.017960048822447,TRUE,1.45233739929577,0.328611313538769,0.105829926576321,0.393401109072682,0.215245368262552,0.351645822292195,0.320465548994516,0.349151328389948,0.335234273495475,-0.487401096781228,-0.086894086961658,0.2952898188819,0.147444585098066,0.28718400662882,0.13065032521485,0.0592881345928965,0.167919626223549,0.456476082408651
26,TRUE,-891.714132476091,0.0181927375149181,TRUE,1.45234987186357,0.328605748980133,0.105859233090711,0.393409968941997,0.215280113048569,0.351676833895558,0.320466575707986,0.349189402287466,0.335247692980741,-0.487363754011688,-0.0868727035394213,0.295347134132006,0.14743557342192,0.28719745602044,0.130634955198555,0.0591918164869292,0.167967672705765,0.45642797007467
27,TRUE,-891.714132292498,0.0146543769144318,TRUE,1.45234943232059,0.328637740087428,0.105857715404795,0.393402563800914,0.215270753405398,0.351628885331786,0.320479648924532,0.349190197100322,0.335252743205912,-0.487404622188347,-0.0868854439771742,0.295360544019332,0.147333583041606,0.287296091560177,0.130545017818376,0.0592353436664282,0.167999935020531,0.456449870126884
28,TRUE,-891.714134097329,0.0170421800534144,TRUE,1.45234648394569,0.328608850050441,0.10586193878208,0.39341430240343,0.215238920338246,0.351691396574371,0.320462232109034,0.349168186440054,0.33527259800933,-0.48739070066337,-0.0869672179061939,0.295402296939321,0.147395260886551,0.28711662782454,0.130791297682876,0.0592024976986316,0.167855871318022,0.456664832946112
29,TRUE,-891.714132024291,0.00843828408175685,TRUE,1.45231508937719,0.328619231859563,0.105844407489323,0.393420569023219,0.215266366900737,0.351669731474108,0.320472026431411,0.349160604554374,0.335248481545921,-0.48749434607319,-0.0868020520193165,0.295312367941708,0.147390262167306,0.287329304496497,0.130676700198536,0.059245878100583,0.16789002595067,0.45651936914749
30,TRUE,-891.71413271324,0.0128926566648704,TRUE,1.45234339932703,0.328589582005716,0.105860555435891,0.393441557947831,0.215254456066215,0.351677053077197,0.320453708937308,0.349172439616892,0.335233123745274,-0.487410468596125,-0.086975839750584,0.295405191990476,0.147386109480322,0.287322263461589,0.130677531536294,0.0591752555473513,0.167961432986558,0.456482205378909
31,TRUE,-891.714134149809,0.0171970364216457,TRUE,1.45229561734092,0.32861885349029,0.10584005348624,0.393439003948065,0.215255261444108,0.351692473705112,0.320461051413241,0.349153430039693,0.335258895162724,-0.487530689898241,-0.0868503409285814,0.295271949511978,0.147451944084895,0.287154931136462,0.130862976849017,0.0592002005815889,0.167881027375585,0.456696066451446
32,TRUE,-891.714132318616,0.0170347907139948,TRUE,1.45234610627037,0.328625116590413,0.105842072880223,0.393431961587821,0.215249812065836,0.351694323224821,0.320489783608086,0.349162473108531,0.335256739935096,-0.487425476977371,-0.0868640798091606,0.295313125022072,0.14739308570391,0.287239174216617,0.130635298958343,0.0593051775395989,0.167831734721661,0.45656057314137
33,TRUE,-891.714134171502,0.0465270309000857,TRUE,1.45234313316329,0.328595900948961,0.105839203024084,0.393387557297146,0.215292612391397,0.351674050895797,0.320512180085016,0.349225731477778,0.335271011823743,-0.487462792203852,-0.0868085749781373,0.295362911290946,0.147382909265521,0.287243716631856,0.130555044299371,0.0592795381941906,0.167878003134235,0.456527826391743
34,TRUE,-891.714133192518,0.0122232361952271,TRUE,1.45229497712185,0.328637232887268,0.10583703133788,0.393439123043692,0.215261078854208,0.351674416583,0.320464625746729,0.349189985244407,0.335245376518912,-0.487570344922961,-0.0867483007971941,0.295213355935193,0.147537056151074,0.28730445627923,0.130659114912771,0.0592324189208678,0.16804547160038,0.456528705324919
35,TRUE,-891.714132425008,0.0152947464752443,TRUE,1.45233156301392,0.328635573745384,0.105832761845773,0.393433357129908,0.21525706132977,0.351663522380244,0.320461601971045,0.349141377970257,0.335223100110743,-0.487390511038714,-0.0867952524961212,0.295229927126933,0.147421237385795,0.287248756282664,0.130584110573383,0.0591719377247869,0.167907590206276,0.456466044215175
36,TRUE,-891.714132681716,0.0100434435581843,TRUE,1.45233319705261,0.328634470641275,0.105834124510342,0.393411894621324,0.215262639211868,0.351654511503037,0.320477937749682,0.349155119809962,0.335233210276198,-0.487387128601229,-0.0868088185709036,0.2952302052117,0.147414269862731,0.287123286559732,0.130723375002433,0.0592444565308771,0.167827664787462,0.456472640855159
37,TRUE,-891.714134008311,0.0183702590323233,TRUE,1.45236741343803,0.328638493354963,0.105862441375613,0.393378717941891,0.215289792189033,0.351626184195243,0.320478553385483,0.349167002366019,0.335232124992838,-0.487315341873932,-0.0868862197701677,0.295261092830311,0.147260054837191,0.287369362526562,0.130415191821288,0.0593876122782932,0.16786003901335,0.456389199825597
38,TRUE,-891.714132261174,0.0115996248398913,TRUE,1.45234276033602,0.328618676730867,0.105848706560809,0.393400973157522,0.21526866599997,0.35163647100258,0.32046670381627,0.349181640402231,0.335247383532679,-0.487392736861822,-0.0868968064255835,0.295313902892541,0.147447441408621,0.287173819220069,0.130649850740821,0.0591823882208034,0.167921776762379,0.456483531989123
39,TRUE,-891.714133907169,0.0419595418530866,TRUE,1.45234481166335,0.328628039930112,0.105794313758812,0.393409189136935,0.215251220051559,0.351677716405886,0.320520097947948,0.349207596647453,0.335271171220202,-0.487466690389521,-0.0868713806484624,0.295235959860553,0.147470796616509,0.287198708170995,0.130632012652404,0.05922581931391,0.167930943166668,0.456533251438185
40,TRUE,-891.714133097796,0.0119499184267004,TRUE,1.45234064006725,0.32863040028407,0.105829589908396,0.393427882283793,0.215261801450411,0.351664362284619,0.320460731391844,0.34917300434593,0.335229567240173,-0.487346947344438,-0.0868482287341676,0.295156226404734,0.147505266565507,0.287187969451077,0.130667150981311,0.0592036026428211,0.167983396054371,0.456385117760155
41,TRUE,-891.714132075762,0.0186141388243633,TRUE,1.45232255967386,0.328621580929301,0.105830258855903,0.393401611468426,0.215244978780113,0.351641717442617,0.320489879385953,0.34916577864143,0.335263926227677,-0.487455991654989,-0.0868721009566824,0.295303995955505,0.147418764800931,0.287269995335591,0.130614904853206,0.0592954901320546,0.167910313597958,0.456501762712465
42,TRUE,-891.71413564678,0.0590950729683859,TRUE,1.45237784124944,0.328687203589961,0.105865753504173,0.393409323961957,0.215303948035597,0.351715347048007,0.320550017924559,0.349145155288003,0.335213804120309,-0.487444133848446,-0.0867632663481801,0.295265234856314,0.147380169978417,0.28731164187837,0.130617634517393,0.0592821856339799,0.167914761756381,0.456466426173232
43,TRUE,-891.714131938931,0.00642964196831812,TRUE,1.45233668861942,0.328621910220201,0.105846265346856,0.393397316672787,0.215283014703879,0.351638675000088,0.320465545147705,0.349172643222311,0.335235868356089,-0.487372125330391,-0.0868212249301431,0.295294887485622,0.147357364823763,0.287296958496585,0.130582730938231,0.0592211871714102,0.167957985377721,0.456472736458531
44,TRUE,-891.714133328872,0.014653560914649,TRUE,1.45231349360575,0.32865017251313,0.105857409151213,0.39339600655219,0.215296508418251,0.351634157970294,0.320474076664286,0.349202950732941,0.335229597302869,-0.487562942223366,-0.0867656368694829,0.295354728572269,0.14735782732939,0.287378305786754,0.130514012168052,0.0592384493530952,0.168056087200487,0.456393601587228
45,TRUE,-891.714132645582,0.0165832358474337,TRUE,1.45233065357638,0.328613455258562,0.10584128436191,0.393399949737658,0.215296719680742,0.351648013943261,0.320506137852438,0.34917384808478,0.335227670240989,-0.487414502284492,-0.0869177044073691,0.295418879560687,0.147343823343481,0.287308306111943,0.130667437708706,0.0592267504648692,0.167996397458106,0.456424290754072
46,TRUE,-891.714132237383,0.0130043136178362,TRUE,1.45234672323736,0.328636141985145,0.105855927965371,0.39342134273223,0.21525762064383,0.351628809550752,0.320463462486016,0.34916804180547,0.335250686882697,-0.487351337311401,-0.0868318432278761,0.295303826816309,0.147412476636976,0.287238967117221,0.130555382458872,0.0592460254025585,0.167873650901166,0.456484177804851
47,TRUE,-891.714132407102,0.00996737004269874,TRUE,1.4523432287811,0.328599770706541,0.105853711495803,0.393413645789645,0.215275672953497,0.35165183661614,0.320474878487043,0.349168435719858,0.335248268860528,-0.487398639653386,-0.0869950419048619,0.295384039830524,0.147371946433164,0.287312618707928,0.130598887439724,0.059254418628111,0.167912247813494,0.4565078644552
48,TRUE,-891.714132728928,0.0106619628850421,TRUE,1.45232868086832,0.328618499684762,0.105861493807504,0.393405578853403,0.215284857439473,0.351627465435589,0.320490230025844,0.349168374491109,0.335239632378959,-0.487460160876838,-0.086919761450186,0.295369330883069,0.147344255540473,0.287354126443769,0.130476000058545,0.0593847573070599,0.167940663496518,0.456498826979247
49,TRUE,-891.714132419902,0.011189678933093,TRUE,1.45232342726125,0.328627662979761,0.105860146334052,0.393389219187734,0.215288584337708,0.351633536878241,0.320473704950933,0.349197165768277,0.335240920545331,-0.487501351872147,-0.0868318309140551,0.295308698095466,0.147338461218639,0.287297674675208,0.130554015262473,0.0592409807441056,0.168039376889846,0.456507198926301
50,TRUE,-891.714132208517,0.012227368643052,TRUE,1.45233030099503,0.328616974322189,0.10584827006741,0.393420517763974,0.215264105127553,0.35165316679101,0.320453401403337,0.349157745397239,0.335237646318603,-0.487361502149566,-0.0868672676878226,0.295294716227946,0.147380135629349,0.287198042677037,0.13061021812626,0.0591803484411472,0.167972008714301,0.456465652273463
51,TRUE,-891.71413224899,0.00840570312268016,TRUE,1.45234105418525,0.328614518927113,0.105849313882839,0.39342916491283,0.215263291663393,0.351651924756373,0.320472339086069,0.349152519976711,0.3352438772776,-0.487385434079191,-0.0868518024269615,0.295269515218533,0.147474995380341,0.287212909518814,0.130559499298614,0.0592846200074416,0.167846053981828,0.456495636518685
52,TRUE,-891.714131732924,0.00428411512743747,TRUE,1.45232950996631,0.32862879587539,0.10584138029324,0.393418171900338,0.215263044087826,0.351659006230018,0.320474256587911,0.349166696736459,0.335240131714614,-0.487429226368628,-0.0868499460663832,0.295332869550037,0.147377915397514,0.287290620972081,0.130609058810368,0.059216367166675,0.167934229309446,0.4564576457945
53,TRUE,-891.714131970098,0.00714890817204739,TRUE,1.45234218646582,0.328631479491975,0.105840741724664,0.393423908438686,0.215256503675263,0.35165852999121,0.320461694034771,0.349162100617301,0.335240752176438,-0.487377479850391,-0.0868287635636637,0.29525462757327,0.147395447109122,0.287277840131216,0.130625173512353,0.0592159274363019,0.167911906642656,0.456431280758989
54,TRUE,-891.714132649767,0.0263918493300372,TRUE,1.45232055792502,0.328648145795648,0.105873735659855,0.393421685187851,0.2152979236178,0.351647823070174,0.320471856916741,0.349161031826655,0.335222705998012,-0.487459911615558,-0.0868576546744744,0.295283521697477,0.147408666442103,0.287214835080153,0.130640112702366,0.0593224823519765,0.167889534627885,0.456545029870589
55,TRUE,-891.714132884326,0.0266434747988597,TRUE,1.4523422904319,0.328614326968978,0.105845444833794,0.393388260297903,0.215276832408076,0.351656942919553,0.320498237707367,0.349191359505215,0.335251759359626,-0.487424967445287,-0.0868693463623251,0.295308784906714,0.147471268050851,0.287279978749154,0.13063927756356,0.0592754545247238,0.167837686854192,0.456450076658277
56,TRUE,-891.714132454506,0.0108234158807755,TRUE,1.45231509202919,0.328643404417954,0.10583954455374,0.393403962653632,0.215273262063152,0.351649728827496,0.32046521041129,0.3491693338183,0.335230003482897,-0.487459976868957,-0.0867231577312003,0.295246132018211,0.147391274014117,0.287202274676941,0.130679082957026,0.0591966594933887,0.167965343362668,0.456459475987889
57,TRUE,-891.714132151602,0.0166663409820718,TRUE,1.45230429041531,0.328630890812122,0.105848507908692,0.393426866887882,0.21526733985527,0.351664471561645,0.320469670963331,0.34914407639469,0.335224100745266,-0.48751448866586,-0.0868506252026134,0.295363205763081,0.147383586199945,0.287252223150845,0.130687448944125,0.0592318135440177,0.167934884192366,0.456506933301938
58,TRUE,-891.714131947896,0.00611461176675947,TRUE,1.45231853431721,0.328618656395302,0.105846790612639,0.393425844742283,0.215265457237846,0.351645182243589,0.32048951272481,0.349163115065665,0.33524399127507,-0.487497824868396,-0.0869075589333166,0.295357035603366,0.147423310059001,0.287303600210709,0.130569614589325,0.0592922208650204,0.167948754754193,0.45648386964261
59,TRUE,-891.71413204488,0.011429252785838,TRUE,1.45233823349623,0.328638218228073,0.105826455469369,0.39340019813186,0.215257242081998,0.351639596759542,0.320480180811805,0.349156558159753,0.335234432567354,-0.487428181001919,-0.0867683570734914,0.295254155758642,0.147384389016013,0.287293318383423,0.130628258963081,0.0592283190458594,0.167921225268991,0.456482957180313
60,TRUE,-891.714132116766,0.00841354651374849,TRUE,1.45230742907127,0.328627505815703,0.10584103313172,0.393420702588142,0.215257444115013,0.351667204942015,0.320475225297318,0.349157760866947,0.335252116851936,-0.487545822327142,-0.0868386124051515,0.295313351589206,0.147410610193911,0.287224258469689,0.130711536337399,0.0592788183406955,0.167916340443708,0.456547398549646
61,TRUE,-891.71413265376,0.0176767062391935,TRUE,1.4523200772974,0.328615759784413,0.105845338689854,0.393428819088741,0.215256022290279,0.351673317368653,0.320476782149163,0.349195637178816,0.335244836344583,-0.487444442212349,-0.0868777434801693,0.295335909541463,0.147480751544976,0.287199550845775,0.130658266833533,0.0591361534947383,0.167977275300849,0.456438339117286
62,TRUE,-891.714132994276,0.0144924057283189,TRUE,1.45230222299811,0.328636953941696,0.105836560431455,0.393425468524847,0.215246777284273,0.351675376791623,0.320499483846377,0.349178524436462,0.335256413479258,-0.487541801768707,-0.0867573159124074,0.295174875834205,0.147489538045282,0.287190568946417,0.130644396001355,0.0593163282537904,0.167935206949264,0.456572270060845
63,TRUE,-891.714132034007,0.0108809240339116,TRUE,1.45231480784601,0.328630136883003,0.105852021179698,0.393420791040938,0.215287581040039,0.351661012312863,0.320490570128616,0.349173508504008,0.335234166746397,-0.48751030391236,-0.086863639628088,0.295365677772167,0.147418057278141,0.287310078043416,0.130660239192514,0.0592815688038812,0.167962468965909,0.456476256227919
64,TRUE,-891.714132105215,0.0136049652602832,TRUE,1.45232986638168,0.328608320808467,0.105846368310149,0.393397105335947,0.215284089761611,0.351640421711789,0.32048051014041,0.349178235378026,0.335254368371219,-0.487379857368473,-0.0868377762923867,0.295300771715189,0.147365671243673,0.287270731001077,0.13063660690655,0.0592671081011375,0.167930824384129,0.456418969405359
65,TRUE,-891.71413225407,0.00999315171941939,TRUE,1.45233300274679,0.328620076243185,0.105842039406643,0.393417294418937,0.215267351947771,0.351656412833523,0.320457368295464,0.349163976495393,0.335228980426273,-0.487366269568451,-0.0868122739788547,0.295275902239624,0.147473226581576,0.287209764591288,0.130609907756782,0.059278534335847,0.16787878706798,0.456422490726369
66,TRUE,-891.714132386618,0.0107826678876998,TRUE,1.45232712334101,0.32861269063203,0.105858147452012,0.393403226283966,0.215298867849554,0.35164604365165,0.320467840790737,0.349164557085383,0.335248513517121,-0.487477931926258,-0.0868576096969262,0.295344814321063,0.14734087929562,0.287362220664331,0.130589777865131,0.0591932335219259,0.1678627066881,0.456569428998732
67,TRUE,-891.714132372505,0.0182832518694221,TRUE,1.45231205925977,0.328594858923794,0.105844433685098,0.393407942268083,0.21529309653954,0.351675412744168,0.320476635723089,0.34915769072112,0.335235380914863,-0.487464944148071,-0.0868536785747375,0.29537807862386,0.14737731838093,0.287324315559154,0.130618256909501,0.0592834286225827,0.167869538443231,0.456561248109948
68,TRUE,-891.714132494453,0.0116121318713834,TRUE,1.45234041892634,0.328632968252209,0.105839733733789,0.393441233002042,0.215229018654192,0.351672568956709,0.32045140490155,0.34915832763052,0.335261542341512,-0.487412362719323,-0.0868554178092304,0.295304076153851,0.147431617591247,0.287215393543245,0.130698239827742,0.0591167450346757,0.167916887373076,0.456546299509761
69,TRUE,-891.714132568222,0.0149732784984281,TRUE,1.45231507319071,0.328617342342531,0.105842915654733,0.393402714297692,0.215255055396331,0.351657680537884,0.320454106616283,0.349181271697557,0.335249076783909,-0.487484492090053,-0.0867733896969684,0.295275202302198,0.147445097087469,0.287148383536218,0.130679386688727,0.0591895640205029,0.167982171160581,0.456461472676177
70,TRUE,-891.71413292851,0.0117137721381841,TRUE,1.45233831975007,0.328620689329674,0.105842633284649,0.393413043816365,0.21526959167888,0.351648337520552,0.320477789460057,0.34914813761774,0.335248033829559,-0.487394354678067,-0.0869184634189454,0.295336081994411,0.147393732451551,0.287207770207345,0.13072578363429,0.0591976013290976,0.16778727657961,0.456602063533478
71,TRUE,-891.714131895658,0.00561774160596818,TRUE,1.45233619034248,0.328631671524101,0.105847695577962,0.393395615556485,0.215279799651279,0.3516454985585,0.320479719677811,0.349164564088472,0.335235223836189,-0.487414751128987,-0.0868246596183433,0.295328699250586,0.147318992024313,0.287318556368988,0.130596305938523,0.0592753949504124,0.167889659686369,0.456488601809776
72,TRUE,-891.714132648051,0.0115112791089987,TRUE,1.45230534233595,0.328622669988363,0.105845311572169,0.393445589222733,0.215266042691673,0.351640816746172,0.320476323605782,0.349175190592491,0.335250613526635,-0.487520629520116,-0.0868278598243828,0.295281772870168,0.147555962841087,0.287287076417431,0.130594670439359,0.0592193914898855,0.167996807408624,0.456503325552486
73,TRUE,-891.714133127052,0.0356144268482957,TRUE,1.45232968760301,0.328641807445289,0.105850769354373,0.393421687055886,0.215266022794065,0.351632066762251,0.320438674618938,0.349123323324407,0.335202166942334,-0.487408860660858,-0.0868407594912359,0.295256120765845,0.147420425692994,0.287243830719645,0.130566560352259,0.0592561611922862,0.167939741483424,0.456462198351561
74,TRUE,-891.714132396364,0.0114607413520812,TRUE,1.45230766021258,0.328634408027661,0.105836063913226,0.39343164717094,0.215265105721936,0.351652584699239,0.320489339641528,0.349170241718338,0.335237307129811,-0.487424956826959,-0.086774040844444,0.295294364810662,0.147402013502719,0.287218852400744,0.130608497533309,0.0592962689637018,0.167945637128857,0.456361091968262
75,TRUE,-891.714132182976,0.016851170549646,TRUE,1.45232604401225,0.328635733413388,0.10584291443869,0.393425247178408,0.215264290056807,0.351640274946493,0.320461594216023,0.349153363998919,0.335219717668348,-0.487497093498149,-0.0868444953070096,0.29530587033542,0.147461376082417,0.287318855049033,0.130631464474526,0.0592526805476422,0.16794433220814,0.456475523656575
76,TRUE,-891.714133404066,0.0290127596030383,TRUE,1.45230621780074,0.328609670966943,0.105846229515774,0.39343869118002,0.215253734178193,0.351650338430246,0.320445858686589,0.349134832381639,0.335231021893298,-0.487358985116354,-0.0868468202869419,0.295305137391221,0.147333365147142,0.287235989660165,0.130468078822703,0.0592779806414016,0.167942878177999,0.456422000906042
77,TRUE,-891.714131969731,0.00873968806331431,TRUE,1.45231545127894,0.328633606653401,0.105827165886834,0.393423926695593,0.21524897136079,0.351673160251664,0.320492958882067,0.349164901588579,0.335241693784775,-0.487443307461983,-0.086836244415242,0.295275562618633,0.14737475068413,0.287256301528367,0.130653066069316,0.0593110344098124,0.167915864699858,0.456460466905102
78,TRUE,-891.714133442198,0.034119256300779,TRUE,1.45236391249437,0.328650506340506,0.105872417149568,0.393471463585607,0.215265294559809,0.351678427388867,0.320435037042199,0.349159742700313,0.335240777510716,-0.487391581284742,-0.0868114678907887,0.295280706862061,0.147353934495062,0.28728755763336,0.130696823709793,0.0591824575918409,0.167884836094698,0.456471238315006
79,TRUE,-891.714131930993,0.00611601622967079,TRUE,1.4523076495527,0.328631319727712,0.105842161544,0.393429449179422,0.215254482035878,0.35166749786321,0.320481085377679,0.349168891177293,0.335241494571016,-0.487522837722606,-0.0868371010861658,0.295382691007925,0.147416168085815,0.287244167853208,0.130641744057734,0.0592801334693278,0.167964007097704,0.456497469342014
80,TRUE,-891.714131819507,0.00514521275737845,TRUE,1.45232358618739,0.328625424149139,0.105841658229107,0.393415410423091,0.215260990604188,0.351666665508256,0.320464499473377,0.349169470267742,0.335249532534614,-0.487467848036999,-0.0868364848967307,0.295320517729959,0.147376792034951,0.287294925509575,0.130670584481831,0.0592064188412289,0.167927058098055,0.456535954442709
81,TRUE,-891.714133746976,0.0143650042133399,TRUE,1.45235504623407,0.328618579291996,0.105851554643807,0.393375047576265,0.215309717827693,0.351612375019025,0.320465419252891,0.349166147193819,0.335210190474503,-0.48731883996608,-0.0868755751891336,0.295306869513603,0.147255163738984,0.287396421913079,0.130495959691429,0.0591992434054525,0.167988584186324,0.456295241031725
82,TRUE,-891.714132681813,0.0123188557684889,TRUE,1.45230845752947,0.328643358529201,0.105840887094471,0.393408221182553,0.215266855583095,0.351661677794093,0.320458402055046,0.349168699593718,0.33525084869949,-0.48754336345608,-0.0868106993328306,0.295325612474503,0.147434040999485,0.287253669632544,0.130758933819698,0.0591370914735332,0.167962028137235,0.456494621823611
83,TRUE,-891.714132029726,0.0134274581885025,TRUE,1.45233425910364,0.328616358093296,0.105845549529743,0.393424239727601,0.215276990000617,0.351668343038338,0.320486923819439,0.349163376610773,0.335230975713997,-0.487407862317571,-0.0868669168619895,0.295312593338138,0.147372333633597,0.287262149837487,0.130548808861182,0.0592830810500642,0.167950629966923,0.45644906907419
84,TRUE,-891.714132666461,0.0124878014326516,TRUE,1.45235192676924,0.328629846749753,0.105857110759487,0.393378384616568,0.21528395958969,0.351620217378469,0.320470864740556,0.349180234753997,0.335240523885468,-0.48737616557387,-0.0868220967831407,0.295305185565267,0.147260236708059,0.287356327003229,0.130519688370345,0.0592635736552218,0.167906982647105,0.456396049502848
85,TRUE,-891.714133108543,0.0185199180906146,TRUE,1.45234993596376,0.328628518223743,0.105838069551986,0.3934024546586,0.215259079019346,0.35162399672629,0.320473702937103,0.34917477947728,0.335256971445403,-0.487390408412854,-0.0868830594073416,0.295294044924248,0.147442709795258,0.287135889861582,0.130669589020742,0.0590964494009135,0.167934969716451,0.456491008062757
86,TRUE,-891.71413274916,0.0103209920955944,TRUE,1.45232457937649,0.328633536861756,0.105825099808436,0.393436028571132,0.215246006919845,0.351679372334012,0.320462316343071,0.349162769277789,0.335235613591238,-0.487447644014669,-0.0867819944843405,0.295212295815561,0.147488011225784,0.287213315927407,0.130732406768881,0.0591689350110554,0.167975784934261,0.456410714436868
87,TRUE,-891.714132967383,0.0121981861500358,TRUE,1.4523137895217,0.328643478465827,0.105841967903718,0.393421782755956,0.215260256746783,0.351660042946379,0.320498971005347,0.349155342273241,0.33525668309979,-0.487533234007546,-0.0868195233954292,0.295423498285062,0.147283050160014,0.287358115717071,0.130597770440207,0.0592930316598008,0.167900111004565,0.456639592483834
88,TRUE,-891.714132110938,0.00829671088482903,TRUE,1.45234067782084,0.328606299402217,0.105847143838466,0.39341668951975,0.215267445186851,0.35164305601109,0.320465989667885,0.349163223568124,0.3352420663737,-0.487358140700526,-0.0868990859302856,0.295299697087363,0.1474518631853,0.287231055725637,0.130576166646373,0.0592461174863623,0.167912875483627,0.456478000717614
89,TRUE,-891.714132778269,0.0199227845020732,TRUE,1.45234502338907,0.328641736575196,0.105852497560628,0.393452218191709,0.215238372657781,0.351699057795612,0.320448431886057,0.349167592908094,0.335241784236649,-0.48741566210607,-0.0867869779093473,0.295197107634017,0.147451607427828,0.287160459612188,0.130659786257472,0.0592395912962625,0.167934560429635,0.45650644519906
90,TRUE,-891.714133039549,0.0134758820223931,TRUE,1.45235084850142,0.328619638012243,0.105830952821196,0.393404185640105,0.215275930029041,0.351656347082446,0.320478494630263,0.349165590984214,0.33523044494498,-0.487330328269256,-0.08685124795855,0.29529186646534,0.147270880452879,0.287393920669298,0.130556206296391,0.0592374408175432,0.16789268853228,0.456352755741486
91,TRUE,-891.714132152792,0.00989078962069424,TRUE,1.45233273382394,0.328615887999089,0.105840338149682,0.393421485592286,0.215257626064028,0.351646199381509,0.320464124637789,0.349163312923075,0.335236974981688,-0.487382560651779,-0.0869043485109949,0.295307417594872,0.147463790963377,0.287222016920731,0.130652764737295,0.0592110950429498,0.1679651968791,0.456439848855742
92,TRUE,-891.714132753681,0.0139053336084725,TRUE,1.45235443979777,0.328622823608944,0.105855562111722,0.393415933233395,0.215270645376456,0.35164678864758,0.320460198729513,0.349154113795545,0.335247412303396,-0.487334395801778,-0.0868531502285094,0.295370174598773,0.147352742082645,0.287346549549956,0.130546548832112,0.0592384873345685,0.167893473968798,0.456577907089629
93,TRUE,-891.714131852145,0.0114672250035638,TRUE,1.4523226046071,0.328629254302505,0.105829326939573,0.393418709703796,0.21525563244511,0.351638142065695,0.320478287122084,0.349163973752928,0.335251740337872,-0.487481091239392,-0.0868458040903677,0.29530832666337,0.147414556863861,0.287313525919812,0.13060108974835,0.0592605499801062,0.167925220404892,0.456505309191548
94,TRUE,-891.714133296533,0.0114998091100449,TRUE,1.45234417581673,0.32862067940393,0.105854837748681,0.393394935178528,0.215283757248603,0.351628939633085,0.320475159887993,0.349175787017134,0.335233077472271,-0.487371094360918,-0.0868888158651895,0.295453908324456,0.147233379718675,0.287361048896756,0.130458572604951,0.0592423480204285,0.167968559805047,0.45639717302608
95,TRUE,-891.714132883008,0.0153930419324934,TRUE,1.45229754192201,0.32862300514984,0.1058544353647,0.393401505501198,0.215305685174914,0.35160553624331,0.320496189096034,0.349165063608055,0.335228766529436,-0.48752393189238,-0.0868431589607973,0.295393483431848,0.147322364338116,0.287422706094028,0.130553692824946,0.059270950440805,0.168022511736053,0.456491269967673
96,TRUE,-891.714132320304,0.00812243284993727,TRUE,1.45233809981222,0.32862627676321,0.105833943300288,0.393424087786109,0.21525907467804,0.351664679089324,0.32046491886505,0.349159052870096,0.335245328353572,-0.487395310175064,-0.0868248507713334,0.295230650312024,0.147456833691809,0.287189325921998,0.130691944922483,0.059178866547082,0.167863565523346,0.456491658075844
97,TRUE,-891.71413491577,0.0183738718059652,TRUE,1.452378993967,0.328616019766844,0.105856868001411,0.39338429434749,0.215286242509777,0.351645690356288,0.320452445721204,0.349189432851303,0.335215262931934,-0.487250640705475,-0.0868584192241482,0.295352892974143,0.147152236951955,0.287295435341309,0.130453264980807,0.0592553140607266,0.167957164415537,0.456265400806452
98,TRUE,-891.714132615354,0.0186036826365843,TRUE,1.45232248185953,0.328633455054943,0.105832949732362,0.393405530064654,0.215244879684683,0.351640079638407,0.320461520242941,0.349156816512436,0.33523279890222,-0.487483345560142,-0.0867607232379726,0.295254880360767,0.147393654707917,0.28718422784659,0.130642615930819,0.059216532672441,0.16791861315257,0.456424508540777
99,TRUE,-891.714134485693,0.0461655738555759,TRUE,1.4523121683042,0.328629919621477,0.105841798308759,0.393416640191214,0.215215473960392,0.351587970754905,0.320440107894546,0.34913308566149,0.335262101298629,-0.487436529371051,-0.0868063214178976,0.295312877421339,0.147392773052078,0.287326083104839,0.130513427397976,0.0592977649737388,0.167821759612691,0.45654967212573
100,TRUE,-891.714132209092,0.00966958018248396,TRUE,1.45233733657349,0.328619167263972,0.105860548232382,0.393408024845488,0.215285004854551,0.351640131758128,0.320474623789585,0.349181985586857,0.335245291094171,-0.487447009504444,-0.086875264111062,0.295374705217208,0.14736857179208,0.287324871733581,0.130498158728898,0.059245791027489,0.167973980173345,0.4564875340713
